run_accession	fastq_ftp_1	fastq_ftp_2	read_count	low_depth_flag
ERR6229432	https://ftp.sra.ebi.ac.uk/vol1/fastq/ERR622/002/ERR6229432/ERR6229432_1.fastq.gz	https://ftp.sra.ebi.ac.uk/vol1/fastq/ERR622/002/ERR6229432/ERR6229432_2.fastq.gz	85177798	ok
ERR6232524	https://ftp.sra.ebi.ac.uk/vol1/fastq/ERR623/004/ERR6232524/ERR6232524_1.fastq.gz	https://ftp.sra.ebi.ac.uk/vol1/fastq/ERR623/004/ERR6232524/ERR6232524_2.fastq.gz	64259752	ok
ERR6232525	https://ftp.sra.ebi.ac.uk/vol1/fastq/ERR623/005/ERR6232525/ERR6232525_1.fastq.gz	https://ftp.sra.ebi.ac.uk/vol1/fastq/ERR623/005/ERR6232525/ERR6232525_2.fastq.gz	17722586	ok
ERR6232528	https://ftp.sra.ebi.ac.uk/vol1/fastq/ERR623/008/ERR6232528/ERR6232528_1.fastq.gz	https://ftp.sra.ebi.ac.uk/vol1/fastq/ERR623/008/ERR6232528/ERR6232528_2.fastq.gz	18714722	ok
ERR6232687	https://ftp.sra.ebi.ac.uk/vol1/fastq/ERR623/007/ERR6232687/ERR6232687_1.fastq.gz	https://ftp.sra.ebi.ac.uk/vol1/fastq/ERR623/007/ERR6232687/ERR6232687_2.fastq.gz	16190686	ok
ERR6235718	https://ftp.sra.ebi.ac.uk/vol1/fastq/ERR623/008/ERR6235718/ERR6235718_1.fastq.gz	https://ftp.sra.ebi.ac.uk/vol1/fastq/ERR623/008/ERR6235718/ERR6235718_2.fastq.gz	39444340	ok
ERR6236131	https://ftp.sra.ebi.ac.uk/vol1/fastq/ERR623/001/ERR6236131/ERR6236131_1.fastq.gz	https://ftp.sra.ebi.ac.uk/vol1/fastq/ERR623/001/ERR6236131/ERR6236131_2.fastq.gz	30514670	ok
ERR6243880	https://ftp.sra.ebi.ac.uk/vol1/fastq/ERR624/000/ERR6243880/ERR6243880_1.fastq.gz	https://ftp.sra.ebi.ac.uk/vol1/fastq/ERR624/000/ERR6243880/ERR6243880_2.fastq.gz	46220226	ok
ERR6254869	https://ftp.sra.ebi.ac.uk/vol1/fastq/ERR625/009/ERR6254869/ERR6254869_1.fastq.gz	https://ftp.sra.ebi.ac.uk/vol1/fastq/ERR625/009/ERR6254869/ERR6254869_2.fastq.gz	30480172	ok
ERR6264280	https://ftp.sra.ebi.ac.uk/vol1/fastq/ERR626/000/ERR6264280/ERR6264280_1.fastq.gz	https://ftp.sra.ebi.ac.uk/vol1/fastq/ERR626/000/ERR6264280/ERR6264280_2.fastq.gz	69347576	ok
ERR6267711	https://ftp.sra.ebi.ac.uk/vol1/fastq/ERR626/001/ERR6267711/ERR6267711_1.fastq.gz	https://ftp.sra.ebi.ac.uk/vol1/fastq/ERR626/001/ERR6267711/ERR6267711_2.fastq.gz	17031202	ok
ERR6267712	https://ftp.sra.ebi.ac.uk/vol1/fastq/ERR626/002/ERR6267712/ERR6267712_1.fastq.gz	https://ftp.sra.ebi.ac.uk/vol1/fastq/ERR626/002/ERR6267712/ERR6267712_2.fastq.gz	47736708	ok
ERR6275659	https://ftp.sra.ebi.ac.uk/vol1/fastq/ERR627/009/ERR6275659/ERR6275659_1.fastq.gz	https://ftp.sra.ebi.ac.uk/vol1/fastq/ERR627/009/ERR6275659/ERR6275659_2.fastq.gz	36853022	ok
ERR6275664	https://ftp.sra.ebi.ac.uk/vol1/fastq/ERR627/004/ERR6275664/ERR6275664_1.fastq.gz	https://ftp.sra.ebi.ac.uk/vol1/fastq/ERR627/004/ERR6275664/ERR6275664_2.fastq.gz	29588982	ok
ERR6275668	https://ftp.sra.ebi.ac.uk/vol1/fastq/ERR627/008/ERR6275668/ERR6275668_1.fastq.gz	https://ftp.sra.ebi.ac.uk/vol1/fastq/ERR627/008/ERR6275668/ERR6275668_2.fastq.gz	93998040	ok
ERR6275669	https://ftp.sra.ebi.ac.uk/vol1/fastq/ERR627/009/ERR6275669/ERR6275669_1.fastq.gz	https://ftp.sra.ebi.ac.uk/vol1/fastq/ERR627/009/ERR6275669/ERR6275669_2.fastq.gz	41606120	ok
ERR6275670	https://ftp.sra.ebi.ac.uk/vol1/fastq/ERR627/000/ERR6275670/ERR6275670_1.fastq.gz	https://ftp.sra.ebi.ac.uk/vol1/fastq/ERR627/000/ERR6275670/ERR6275670_2.fastq.gz	45255514	ok
ERR6275671	https://ftp.sra.ebi.ac.uk/vol1/fastq/ERR627/001/ERR6275671/ERR6275671_1.fastq.gz	https://ftp.sra.ebi.ac.uk/vol1/fastq/ERR627/001/ERR6275671/ERR6275671_2.fastq.gz	33687194	ok
ERR6275678	https://ftp.sra.ebi.ac.uk/vol1/fastq/ERR627/008/ERR6275678/ERR6275678_1.fastq.gz	https://ftp.sra.ebi.ac.uk/vol1/fastq/ERR627/008/ERR6275678/ERR6275678_2.fastq.gz	11271260	ok
ERR6275680	https://ftp.sra.ebi.ac.uk/vol1/fastq/ERR627/000/ERR6275680/ERR6275680_1.fastq.gz	https://ftp.sra.ebi.ac.uk/vol1/fastq/ERR627/000/ERR6275680/ERR6275680_2.fastq.gz	63387160	ok
ERR6279618	https://ftp.sra.ebi.ac.uk/vol1/fastq/ERR627/008/ERR6279618/ERR6279618_1.fastq.gz	https://ftp.sra.ebi.ac.uk/vol1/fastq/ERR627/008/ERR6279618/ERR6279618_2.fastq.gz	101000416	ok
ERR6279621	https://ftp.sra.ebi.ac.uk/vol1/fastq/ERR627/001/ERR6279621/ERR6279621_1.fastq.gz	https://ftp.sra.ebi.ac.uk/vol1/fastq/ERR627/001/ERR6279621/ERR6279621_2.fastq.gz	19318938	ok
ERR6279622	https://ftp.sra.ebi.ac.uk/vol1/fastq/ERR627/002/ERR6279622/ERR6279622_1.fastq.gz	https://ftp.sra.ebi.ac.uk/vol1/fastq/ERR627/002/ERR6279622/ERR6279622_2.fastq.gz	64480552	ok
ERR6279623	https://ftp.sra.ebi.ac.uk/vol1/fastq/ERR627/003/ERR6279623/ERR6279623_1.fastq.gz	https://ftp.sra.ebi.ac.uk/vol1/fastq/ERR627/003/ERR6279623/ERR6279623_2.fastq.gz	38752162	ok
ERR6279629	https://ftp.sra.ebi.ac.uk/vol1/fastq/ERR627/009/ERR6279629/ERR6279629_1.fastq.gz	https://ftp.sra.ebi.ac.uk/vol1/fastq/ERR627/009/ERR6279629/ERR6279629_2.fastq.gz	30517458	ok
ERR6279645	https://ftp.sra.ebi.ac.uk/vol1/fastq/ERR627/005/ERR6279645/ERR6279645_1.fastq.gz	https://ftp.sra.ebi.ac.uk/vol1/fastq/ERR627/005/ERR6279645/ERR6279645_2.fastq.gz	20355146	ok
ERR6279646	https://ftp.sra.ebi.ac.uk/vol1/fastq/ERR627/006/ERR6279646/ERR6279646_1.fastq.gz	https://ftp.sra.ebi.ac.uk/vol1/fastq/ERR627/006/ERR6279646/ERR6279646_2.fastq.gz	12369600	ok
ERR6279648	https://ftp.sra.ebi.ac.uk/vol1/fastq/ERR627/008/ERR6279648/ERR6279648_1.fastq.gz	https://ftp.sra.ebi.ac.uk/vol1/fastq/ERR627/008/ERR6279648/ERR6279648_2.fastq.gz	36260474	ok
ERR6279649	https://ftp.sra.ebi.ac.uk/vol1/fastq/ERR627/009/ERR6279649/ERR6279649_1.fastq.gz	https://ftp.sra.ebi.ac.uk/vol1/fastq/ERR627/009/ERR6279649/ERR6279649_2.fastq.gz	20207050	ok
ERR6279651	https://ftp.sra.ebi.ac.uk/vol1/fastq/ERR627/001/ERR6279651/ERR6279651_1.fastq.gz	https://ftp.sra.ebi.ac.uk/vol1/fastq/ERR627/001/ERR6279651/ERR6279651_2.fastq.gz	21101072	ok
ERR6279652	https://ftp.sra.ebi.ac.uk/vol1/fastq/ERR627/002/ERR6279652/ERR6279652_1.fastq.gz	https://ftp.sra.ebi.ac.uk/vol1/fastq/ERR627/002/ERR6279652/ERR6279652_2.fastq.gz	15385638	ok
ERR6279658	https://ftp.sra.ebi.ac.uk/vol1/fastq/ERR627/008/ERR6279658/ERR6279658_1.fastq.gz	https://ftp.sra.ebi.ac.uk/vol1/fastq/ERR627/008/ERR6279658/ERR6279658_2.fastq.gz	11336784	ok
ERR6279660	https://ftp.sra.ebi.ac.uk/vol1/fastq/ERR627/000/ERR6279660/ERR6279660_1.fastq.gz	https://ftp.sra.ebi.ac.uk/vol1/fastq/ERR627/000/ERR6279660/ERR6279660_2.fastq.gz	26851998	ok
ERR6279665	https://ftp.sra.ebi.ac.uk/vol1/fastq/ERR627/005/ERR6279665/ERR6279665_1.fastq.gz	https://ftp.sra.ebi.ac.uk/vol1/fastq/ERR627/005/ERR6279665/ERR6279665_2.fastq.gz	60156870	ok
ERR6279673	https://ftp.sra.ebi.ac.uk/vol1/fastq/ERR627/003/ERR6279673/ERR6279673_1.fastq.gz	https://ftp.sra.ebi.ac.uk/vol1/fastq/ERR627/003/ERR6279673/ERR6279673_2.fastq.gz	28678760	ok
ERR6279675	https://ftp.sra.ebi.ac.uk/vol1/fastq/ERR627/005/ERR6279675/ERR6279675_1.fastq.gz	https://ftp.sra.ebi.ac.uk/vol1/fastq/ERR627/005/ERR6279675/ERR6279675_2.fastq.gz	35142570	ok
ERR6279677	https://ftp.sra.ebi.ac.uk/vol1/fastq/ERR627/007/ERR6279677/ERR6279677_1.fastq.gz	https://ftp.sra.ebi.ac.uk/vol1/fastq/ERR627/007/ERR6279677/ERR6279677_2.fastq.gz	71941760	ok
ERR6280907	https://ftp.sra.ebi.ac.uk/vol1/fastq/ERR628/007/ERR6280907/ERR6280907_1.fastq.gz	https://ftp.sra.ebi.ac.uk/vol1/fastq/ERR628/007/ERR6280907/ERR6280907_2.fastq.gz	82687158	ok
ERR6281341	https://ftp.sra.ebi.ac.uk/vol1/fastq/ERR628/001/ERR6281341/ERR6281341_1.fastq.gz	https://ftp.sra.ebi.ac.uk/vol1/fastq/ERR628/001/ERR6281341/ERR6281341_2.fastq.gz	90534022	ok
ERR6281504	https://ftp.sra.ebi.ac.uk/vol1/fastq/ERR628/004/ERR6281504/ERR6281504_1.fastq.gz	https://ftp.sra.ebi.ac.uk/vol1/fastq/ERR628/004/ERR6281504/ERR6281504_2.fastq.gz	59010508	ok
ERR6281586	https://ftp.sra.ebi.ac.uk/vol1/fastq/ERR628/006/ERR6281586/ERR6281586_1.fastq.gz	https://ftp.sra.ebi.ac.uk/vol1/fastq/ERR628/006/ERR6281586/ERR6281586_2.fastq.gz	48594304	ok
ERR6281658	https://ftp.sra.ebi.ac.uk/vol1/fastq/ERR628/008/ERR6281658/ERR6281658_1.fastq.gz	https://ftp.sra.ebi.ac.uk/vol1/fastq/ERR628/008/ERR6281658/ERR6281658_2.fastq.gz	46067042	ok
ERR6281751	https://ftp.sra.ebi.ac.uk/vol1/fastq/ERR628/001/ERR6281751/ERR6281751_1.fastq.gz	https://ftp.sra.ebi.ac.uk/vol1/fastq/ERR628/001/ERR6281751/ERR6281751_2.fastq.gz	76522378	ok
ERR6281941	https://ftp.sra.ebi.ac.uk/vol1/fastq/ERR628/001/ERR6281941/ERR6281941_1.fastq.gz	https://ftp.sra.ebi.ac.uk/vol1/fastq/ERR628/001/ERR6281941/ERR6281941_2.fastq.gz	79766402	ok
ERR6282137	https://ftp.sra.ebi.ac.uk/vol1/fastq/ERR628/007/ERR6282137/ERR6282137_1.fastq.gz	https://ftp.sra.ebi.ac.uk/vol1/fastq/ERR628/007/ERR6282137/ERR6282137_2.fastq.gz	114246506	ok
ERR6282298	https://ftp.sra.ebi.ac.uk/vol1/fastq/ERR628/008/ERR6282298/ERR6282298_1.fastq.gz	https://ftp.sra.ebi.ac.uk/vol1/fastq/ERR628/008/ERR6282298/ERR6282298_2.fastq.gz	91870578	ok
ERR6230245	https://ftp.sra.ebi.ac.uk/vol1/fastq/ERR623/005/ERR6230245/ERR6230245_1.fastq.gz	https://ftp.sra.ebi.ac.uk/vol1/fastq/ERR623/005/ERR6230245/ERR6230245_2.fastq.gz	9091606	ok
ERR6230278	https://ftp.sra.ebi.ac.uk/vol1/fastq/ERR623/008/ERR6230278/ERR6230278_1.fastq.gz	https://ftp.sra.ebi.ac.uk/vol1/fastq/ERR623/008/ERR6230278/ERR6230278_2.fastq.gz	12822470	ok
ERR6230340	https://ftp.sra.ebi.ac.uk/vol1/fastq/ERR623/000/ERR6230340/ERR6230340_1.fastq.gz	https://ftp.sra.ebi.ac.uk/vol1/fastq/ERR623/000/ERR6230340/ERR6230340_2.fastq.gz	16908802	ok
ERR6231475	https://ftp.sra.ebi.ac.uk/vol1/fastq/ERR623/005/ERR6231475/ERR6231475_1.fastq.gz	https://ftp.sra.ebi.ac.uk/vol1/fastq/ERR623/005/ERR6231475/ERR6231475_2.fastq.gz	20919472	ok
ERR6231616	https://ftp.sra.ebi.ac.uk/vol1/fastq/ERR623/006/ERR6231616/ERR6231616_1.fastq.gz	https://ftp.sra.ebi.ac.uk/vol1/fastq/ERR623/006/ERR6231616/ERR6231616_2.fastq.gz	24077158	ok
ERR6232425	https://ftp.sra.ebi.ac.uk/vol1/fastq/ERR623/005/ERR6232425/ERR6232425_1.fastq.gz	https://ftp.sra.ebi.ac.uk/vol1/fastq/ERR623/005/ERR6232425/ERR6232425_2.fastq.gz	20471978	ok
ERR6232522	https://ftp.sra.ebi.ac.uk/vol1/fastq/ERR623/002/ERR6232522/ERR6232522_1.fastq.gz	https://ftp.sra.ebi.ac.uk/vol1/fastq/ERR623/002/ERR6232522/ERR6232522_2.fastq.gz	15692068	ok
ERR6233693	https://ftp.sra.ebi.ac.uk/vol1/fastq/ERR623/003/ERR6233693/ERR6233693_1.fastq.gz	https://ftp.sra.ebi.ac.uk/vol1/fastq/ERR623/003/ERR6233693/ERR6233693_2.fastq.gz	21550472	ok
ERR6235716	https://ftp.sra.ebi.ac.uk/vol1/fastq/ERR623/006/ERR6235716/ERR6235716_1.fastq.gz	https://ftp.sra.ebi.ac.uk/vol1/fastq/ERR623/006/ERR6235716/ERR6235716_2.fastq.gz	15408260	ok
ERR6235717	https://ftp.sra.ebi.ac.uk/vol1/fastq/ERR623/007/ERR6235717/ERR6235717_1.fastq.gz	https://ftp.sra.ebi.ac.uk/vol1/fastq/ERR623/007/ERR6235717/ERR6235717_2.fastq.gz	17673260	ok
ERR6239138	https://ftp.sra.ebi.ac.uk/vol1/fastq/ERR623/008/ERR6239138/ERR6239138_1.fastq.gz	https://ftp.sra.ebi.ac.uk/vol1/fastq/ERR623/008/ERR6239138/ERR6239138_2.fastq.gz	12024922	ok
ERR6243877	https://ftp.sra.ebi.ac.uk/vol1/fastq/ERR624/007/ERR6243877/ERR6243877_1.fastq.gz	https://ftp.sra.ebi.ac.uk/vol1/fastq/ERR624/007/ERR6243877/ERR6243877_2.fastq.gz	32644428	ok
ERR6243879	https://ftp.sra.ebi.ac.uk/vol1/fastq/ERR624/009/ERR6243879/ERR6243879_1.fastq.gz	https://ftp.sra.ebi.ac.uk/vol1/fastq/ERR624/009/ERR6243879/ERR6243879_2.fastq.gz	20248406	ok
ERR6254871	https://ftp.sra.ebi.ac.uk/vol1/fastq/ERR625/001/ERR6254871/ERR6254871_1.fastq.gz	https://ftp.sra.ebi.ac.uk/vol1/fastq/ERR625/001/ERR6254871/ERR6254871_2.fastq.gz	40797448	ok
ERR6271720	https://ftp.sra.ebi.ac.uk/vol1/fastq/ERR627/000/ERR6271720/ERR6271720_1.fastq.gz	https://ftp.sra.ebi.ac.uk/vol1/fastq/ERR627/000/ERR6271720/ERR6271720_2.fastq.gz	20651292	ok
ERR6273965	https://ftp.sra.ebi.ac.uk/vol1/fastq/ERR627/005/ERR6273965/ERR6273965_1.fastq.gz	https://ftp.sra.ebi.ac.uk/vol1/fastq/ERR627/005/ERR6273965/ERR6273965_2.fastq.gz	84401818	ok
ERR6275652	https://ftp.sra.ebi.ac.uk/vol1/fastq/ERR627/002/ERR6275652/ERR6275652_1.fastq.gz	https://ftp.sra.ebi.ac.uk/vol1/fastq/ERR627/002/ERR6275652/ERR6275652_2.fastq.gz	56388140	ok
ERR6275666	https://ftp.sra.ebi.ac.uk/vol1/fastq/ERR627/006/ERR6275666/ERR6275666_1.fastq.gz	https://ftp.sra.ebi.ac.uk/vol1/fastq/ERR627/006/ERR6275666/ERR6275666_2.fastq.gz	57801126	ok
ERR6275673	https://ftp.sra.ebi.ac.uk/vol1/fastq/ERR627/003/ERR6275673/ERR6275673_1.fastq.gz	https://ftp.sra.ebi.ac.uk/vol1/fastq/ERR627/003/ERR6275673/ERR6275673_2.fastq.gz	62168354	ok
ERR6275674	https://ftp.sra.ebi.ac.uk/vol1/fastq/ERR627/004/ERR6275674/ERR6275674_1.fastq.gz	https://ftp.sra.ebi.ac.uk/vol1/fastq/ERR627/004/ERR6275674/ERR6275674_2.fastq.gz	145893122	ok
ERR6275675	https://ftp.sra.ebi.ac.uk/vol1/fastq/ERR627/005/ERR6275675/ERR6275675_1.fastq.gz	https://ftp.sra.ebi.ac.uk/vol1/fastq/ERR627/005/ERR6275675/ERR6275675_2.fastq.gz	55540034	ok
ERR6275682	https://ftp.sra.ebi.ac.uk/vol1/fastq/ERR627/002/ERR6275682/ERR6275682_1.fastq.gz	https://ftp.sra.ebi.ac.uk/vol1/fastq/ERR627/002/ERR6275682/ERR6275682_2.fastq.gz	34724284	ok
ERR6275683	https://ftp.sra.ebi.ac.uk/vol1/fastq/ERR627/003/ERR6275683/ERR6275683_1.fastq.gz	https://ftp.sra.ebi.ac.uk/vol1/fastq/ERR627/003/ERR6275683/ERR6275683_2.fastq.gz	47788098	ok
ERR6275684	https://ftp.sra.ebi.ac.uk/vol1/fastq/ERR627/004/ERR6275684/ERR6275684_1.fastq.gz	https://ftp.sra.ebi.ac.uk/vol1/fastq/ERR627/004/ERR6275684/ERR6275684_2.fastq.gz	13823006	ok
ERR6279615	https://ftp.sra.ebi.ac.uk/vol1/fastq/ERR627/005/ERR6279615/ERR6279615_1.fastq.gz	https://ftp.sra.ebi.ac.uk/vol1/fastq/ERR627/005/ERR6279615/ERR6279615_2.fastq.gz	11125886	ok
ERR6279616	https://ftp.sra.ebi.ac.uk/vol1/fastq/ERR627/006/ERR6279616/ERR6279616_1.fastq.gz	https://ftp.sra.ebi.ac.uk/vol1/fastq/ERR627/006/ERR6279616/ERR6279616_2.fastq.gz	22484090	ok
ERR6279619	https://ftp.sra.ebi.ac.uk/vol1/fastq/ERR627/009/ERR6279619/ERR6279619_1.fastq.gz	https://ftp.sra.ebi.ac.uk/vol1/fastq/ERR627/009/ERR6279619/ERR6279619_2.fastq.gz	36658936	ok
ERR6279620	https://ftp.sra.ebi.ac.uk/vol1/fastq/ERR627/000/ERR6279620/ERR6279620_1.fastq.gz	https://ftp.sra.ebi.ac.uk/vol1/fastq/ERR627/000/ERR6279620/ERR6279620_2.fastq.gz	20240340	ok
ERR6279626	https://ftp.sra.ebi.ac.uk/vol1/fastq/ERR627/006/ERR6279626/ERR6279626_1.fastq.gz	https://ftp.sra.ebi.ac.uk/vol1/fastq/ERR627/006/ERR6279626/ERR6279626_2.fastq.gz	55714980	ok
ERR6279644	https://ftp.sra.ebi.ac.uk/vol1/fastq/ERR627/004/ERR6279644/ERR6279644_1.fastq.gz	https://ftp.sra.ebi.ac.uk/vol1/fastq/ERR627/004/ERR6279644/ERR6279644_2.fastq.gz	44274824	ok
ERR6279647	https://ftp.sra.ebi.ac.uk/vol1/fastq/ERR627/007/ERR6279647/ERR6279647_1.fastq.gz	https://ftp.sra.ebi.ac.uk/vol1/fastq/ERR627/007/ERR6279647/ERR6279647_2.fastq.gz	66521388	ok
ERR6279650	https://ftp.sra.ebi.ac.uk/vol1/fastq/ERR627/000/ERR6279650/ERR6279650_1.fastq.gz	https://ftp.sra.ebi.ac.uk/vol1/fastq/ERR627/000/ERR6279650/ERR6279650_2.fastq.gz	20026282	ok
ERR6279655	https://ftp.sra.ebi.ac.uk/vol1/fastq/ERR627/005/ERR6279655/ERR6279655_1.fastq.gz	https://ftp.sra.ebi.ac.uk/vol1/fastq/ERR627/005/ERR6279655/ERR6279655_2.fastq.gz	135318094	ok
ERR6279656	https://ftp.sra.ebi.ac.uk/vol1/fastq/ERR627/006/ERR6279656/ERR6279656_1.fastq.gz	https://ftp.sra.ebi.ac.uk/vol1/fastq/ERR627/006/ERR6279656/ERR6279656_2.fastq.gz	52519282	ok
ERR6279657	https://ftp.sra.ebi.ac.uk/vol1/fastq/ERR627/007/ERR6279657/ERR6279657_1.fastq.gz	https://ftp.sra.ebi.ac.uk/vol1/fastq/ERR627/007/ERR6279657/ERR6279657_2.fastq.gz	181988714	ok
ERR6279659	https://ftp.sra.ebi.ac.uk/vol1/fastq/ERR627/009/ERR6279659/ERR6279659_1.fastq.gz	https://ftp.sra.ebi.ac.uk/vol1/fastq/ERR627/009/ERR6279659/ERR6279659_2.fastq.gz	41004484	ok
ERR6279661	https://ftp.sra.ebi.ac.uk/vol1/fastq/ERR627/001/ERR6279661/ERR6279661_1.fastq.gz	https://ftp.sra.ebi.ac.uk/vol1/fastq/ERR627/001/ERR6279661/ERR6279661_2.fastq.gz	115208566	ok
ERR6279662	https://ftp.sra.ebi.ac.uk/vol1/fastq/ERR627/002/ERR6279662/ERR6279662_1.fastq.gz	https://ftp.sra.ebi.ac.uk/vol1/fastq/ERR627/002/ERR6279662/ERR6279662_2.fastq.gz	36391392	ok
ERR6279663	https://ftp.sra.ebi.ac.uk/vol1/fastq/ERR627/003/ERR6279663/ERR6279663_1.fastq.gz	https://ftp.sra.ebi.ac.uk/vol1/fastq/ERR627/003/ERR6279663/ERR6279663_2.fastq.gz	44524312	ok
ERR6279664	https://ftp.sra.ebi.ac.uk/vol1/fastq/ERR627/004/ERR6279664/ERR6279664_1.fastq.gz	https://ftp.sra.ebi.ac.uk/vol1/fastq/ERR627/004/ERR6279664/ERR6279664_2.fastq.gz	59898450	ok
ERR6279666	https://ftp.sra.ebi.ac.uk/vol1/fastq/ERR627/006/ERR6279666/ERR6279666_1.fastq.gz	https://ftp.sra.ebi.ac.uk/vol1/fastq/ERR627/006/ERR6279666/ERR6279666_2.fastq.gz	80092468	ok
ERR6279669	https://ftp.sra.ebi.ac.uk/vol1/fastq/ERR627/009/ERR6279669/ERR6279669_1.fastq.gz	https://ftp.sra.ebi.ac.uk/vol1/fastq/ERR627/009/ERR6279669/ERR6279669_2.fastq.gz	208351932	ok
ERR6279670	https://ftp.sra.ebi.ac.uk/vol1/fastq/ERR627/000/ERR6279670/ERR6279670_1.fastq.gz	https://ftp.sra.ebi.ac.uk/vol1/fastq/ERR627/000/ERR6279670/ERR6279670_2.fastq.gz	131902100	ok
ERR6279671	https://ftp.sra.ebi.ac.uk/vol1/fastq/ERR627/001/ERR6279671/ERR6279671_1.fastq.gz	https://ftp.sra.ebi.ac.uk/vol1/fastq/ERR627/001/ERR6279671/ERR6279671_2.fastq.gz	35936506	ok
ERR6279672	https://ftp.sra.ebi.ac.uk/vol1/fastq/ERR627/002/ERR6279672/ERR6279672_1.fastq.gz	https://ftp.sra.ebi.ac.uk/vol1/fastq/ERR627/002/ERR6279672/ERR6279672_2.fastq.gz	82538662	ok
ERR6279674	https://ftp.sra.ebi.ac.uk/vol1/fastq/ERR627/004/ERR6279674/ERR6279674_1.fastq.gz	https://ftp.sra.ebi.ac.uk/vol1/fastq/ERR627/004/ERR6279674/ERR6279674_2.fastq.gz	49181890	ok
ERR6279678	https://ftp.sra.ebi.ac.uk/vol1/fastq/ERR627/008/ERR6279678/ERR6279678_1.fastq.gz	https://ftp.sra.ebi.ac.uk/vol1/fastq/ERR627/008/ERR6279678/ERR6279678_2.fastq.gz	64973682	ok
ERR6279679	https://ftp.sra.ebi.ac.uk/vol1/fastq/ERR627/009/ERR6279679/ERR6279679_1.fastq.gz	https://ftp.sra.ebi.ac.uk/vol1/fastq/ERR627/009/ERR6279679/ERR6279679_2.fastq.gz	43194318	ok
ERR6279683	https://ftp.sra.ebi.ac.uk/vol1/fastq/ERR627/003/ERR6279683/ERR6279683_1.fastq.gz	https://ftp.sra.ebi.ac.uk/vol1/fastq/ERR627/003/ERR6279683/ERR6279683_2.fastq.gz	26747522	ok
ERR6280910	https://ftp.sra.ebi.ac.uk/vol1/fastq/ERR628/000/ERR6280910/ERR6280910_1.fastq.gz	https://ftp.sra.ebi.ac.uk/vol1/fastq/ERR628/000/ERR6280910/ERR6280910_2.fastq.gz	50339036	ok
ERR6281000	https://ftp.sra.ebi.ac.uk/vol1/fastq/ERR628/000/ERR6281000/ERR6281000_1.fastq.gz	https://ftp.sra.ebi.ac.uk/vol1/fastq/ERR628/000/ERR6281000/ERR6281000_2.fastq.gz	109261858	ok
ERR6281343	https://ftp.sra.ebi.ac.uk/vol1/fastq/ERR628/003/ERR6281343/ERR6281343_1.fastq.gz	https://ftp.sra.ebi.ac.uk/vol1/fastq/ERR628/003/ERR6281343/ERR6281343_2.fastq.gz	120535720	ok
ERR6281432	https://ftp.sra.ebi.ac.uk/vol1/fastq/ERR628/002/ERR6281432/ERR6281432_1.fastq.gz	https://ftp.sra.ebi.ac.uk/vol1/fastq/ERR628/002/ERR6281432/ERR6281432_2.fastq.gz	119797012	ok
ERR6281499	https://ftp.sra.ebi.ac.uk/vol1/fastq/ERR628/009/ERR6281499/ERR6281499_1.fastq.gz	https://ftp.sra.ebi.ac.uk/vol1/fastq/ERR628/009/ERR6281499/ERR6281499_2.fastq.gz	28433078	ok
ERR6281518	https://ftp.sra.ebi.ac.uk/vol1/fastq/ERR628/008/ERR6281518/ERR6281518_1.fastq.gz	https://ftp.sra.ebi.ac.uk/vol1/fastq/ERR628/008/ERR6281518/ERR6281518_2.fastq.gz	119660980	ok
ERR6281997	https://ftp.sra.ebi.ac.uk/vol1/fastq/ERR628/007/ERR6281997/ERR6281997_1.fastq.gz	https://ftp.sra.ebi.ac.uk/vol1/fastq/ERR628/007/ERR6281997/ERR6281997_2.fastq.gz	52565952	ok
ERR6282070	https://ftp.sra.ebi.ac.uk/vol1/fastq/ERR628/000/ERR6282070/ERR6282070_1.fastq.gz	https://ftp.sra.ebi.ac.uk/vol1/fastq/ERR628/000/ERR6282070/ERR6282070_2.fastq.gz	87598842	ok
ERR6282383	https://ftp.sra.ebi.ac.uk/vol1/fastq/ERR628/003/ERR6282383/ERR6282383_1.fastq.gz	https://ftp.sra.ebi.ac.uk/vol1/fastq/ERR628/003/ERR6282383/ERR6282383_2.fastq.gz	147856200	ok
ERR10290768	https://ftp.sra.ebi.ac.uk/vol1/fastq/ERR102/068/ERR10290768/ERR10290768_1.fastq.gz	https://ftp.sra.ebi.ac.uk/vol1/fastq/ERR102/068/ERR10290768/ERR10290768_2.fastq.gz	68025048	ok
ERR6230326	https://ftp.sra.ebi.ac.uk/vol1/fastq/ERR623/006/ERR6230326/ERR6230326_1.fastq.gz	https://ftp.sra.ebi.ac.uk/vol1/fastq/ERR623/006/ERR6230326/ERR6230326_2.fastq.gz	16557484	ok
ERR6231548	https://ftp.sra.ebi.ac.uk/vol1/fastq/ERR623/008/ERR6231548/ERR6231548_1.fastq.gz	https://ftp.sra.ebi.ac.uk/vol1/fastq/ERR623/008/ERR6231548/ERR6231548_2.fastq.gz	12788780	ok
ERR6232382	https://ftp.sra.ebi.ac.uk/vol1/fastq/ERR623/002/ERR6232382/ERR6232382_1.fastq.gz	https://ftp.sra.ebi.ac.uk/vol1/fastq/ERR623/002/ERR6232382/ERR6232382_2.fastq.gz	28544658	ok
ERR6232458	https://ftp.sra.ebi.ac.uk/vol1/fastq/ERR623/008/ERR6232458/ERR6232458_1.fastq.gz	https://ftp.sra.ebi.ac.uk/vol1/fastq/ERR623/008/ERR6232458/ERR6232458_2.fastq.gz	28335484	ok
ERR6232518	https://ftp.sra.ebi.ac.uk/vol1/fastq/ERR623/008/ERR6232518/ERR6232518_1.fastq.gz	https://ftp.sra.ebi.ac.uk/vol1/fastq/ERR623/008/ERR6232518/ERR6232518_2.fastq.gz	24141096	ok
ERR6232521	https://ftp.sra.ebi.ac.uk/vol1/fastq/ERR623/001/ERR6232521/ERR6232521_1.fastq.gz	https://ftp.sra.ebi.ac.uk/vol1/fastq/ERR623/001/ERR6232521/ERR6232521_2.fastq.gz	10519748	ok
ERR6232523	https://ftp.sra.ebi.ac.uk/vol1/fastq/ERR623/003/ERR6232523/ERR6232523_1.fastq.gz	https://ftp.sra.ebi.ac.uk/vol1/fastq/ERR623/003/ERR6232523/ERR6232523_2.fastq.gz	13315524	ok
ERR6232526	https://ftp.sra.ebi.ac.uk/vol1/fastq/ERR623/006/ERR6232526/ERR6232526_1.fastq.gz	https://ftp.sra.ebi.ac.uk/vol1/fastq/ERR623/006/ERR6232526/ERR6232526_2.fastq.gz	19084394	ok
ERR6232527	https://ftp.sra.ebi.ac.uk/vol1/fastq/ERR623/007/ERR6232527/ERR6232527_1.fastq.gz	https://ftp.sra.ebi.ac.uk/vol1/fastq/ERR623/007/ERR6232527/ERR6232527_2.fastq.gz	41344092	ok
ERR6232529	https://ftp.sra.ebi.ac.uk/vol1/fastq/ERR623/009/ERR6232529/ERR6232529_1.fastq.gz	https://ftp.sra.ebi.ac.uk/vol1/fastq/ERR623/009/ERR6232529/ERR6232529_2.fastq.gz	17936196	ok
ERR6232686	https://ftp.sra.ebi.ac.uk/vol1/fastq/ERR623/006/ERR6232686/ERR6232686_1.fastq.gz	https://ftp.sra.ebi.ac.uk/vol1/fastq/ERR623/006/ERR6232686/ERR6232686_2.fastq.gz	28078828	ok
ERR6232688	https://ftp.sra.ebi.ac.uk/vol1/fastq/ERR623/008/ERR6232688/ERR6232688_1.fastq.gz	https://ftp.sra.ebi.ac.uk/vol1/fastq/ERR623/008/ERR6232688/ERR6232688_2.fastq.gz	29543718	ok
ERR6233692	https://ftp.sra.ebi.ac.uk/vol1/fastq/ERR623/002/ERR6233692/ERR6233692_1.fastq.gz	https://ftp.sra.ebi.ac.uk/vol1/fastq/ERR623/002/ERR6233692/ERR6233692_2.fastq.gz	21110946	ok
ERR6233694	https://ftp.sra.ebi.ac.uk/vol1/fastq/ERR623/004/ERR6233694/ERR6233694_1.fastq.gz	https://ftp.sra.ebi.ac.uk/vol1/fastq/ERR623/004/ERR6233694/ERR6233694_2.fastq.gz	42312606	ok
ERR6233695	https://ftp.sra.ebi.ac.uk/vol1/fastq/ERR623/005/ERR6233695/ERR6233695_1.fastq.gz	https://ftp.sra.ebi.ac.uk/vol1/fastq/ERR623/005/ERR6233695/ERR6233695_2.fastq.gz	91835816	ok
ERR6239139	https://ftp.sra.ebi.ac.uk/vol1/fastq/ERR623/009/ERR6239139/ERR6239139_1.fastq.gz	https://ftp.sra.ebi.ac.uk/vol1/fastq/ERR623/009/ERR6239139/ERR6239139_2.fastq.gz	43490070	ok
ERR6243878	https://ftp.sra.ebi.ac.uk/vol1/fastq/ERR624/008/ERR6243878/ERR6243878_1.fastq.gz	https://ftp.sra.ebi.ac.uk/vol1/fastq/ERR624/008/ERR6243878/ERR6243878_2.fastq.gz	51845694	ok
ERR6248618	https://ftp.sra.ebi.ac.uk/vol1/fastq/ERR624/008/ERR6248618/ERR6248618_1.fastq.gz	https://ftp.sra.ebi.ac.uk/vol1/fastq/ERR624/008/ERR6248618/ERR6248618_2.fastq.gz	32446604	ok
ERR6254870	https://ftp.sra.ebi.ac.uk/vol1/fastq/ERR625/000/ERR6254870/ERR6254870_1.fastq.gz	https://ftp.sra.ebi.ac.uk/vol1/fastq/ERR625/000/ERR6254870/ERR6254870_2.fastq.gz	41748620	ok
ERR6257997	https://ftp.sra.ebi.ac.uk/vol1/fastq/ERR625/007/ERR6257997/ERR6257997_1.fastq.gz	https://ftp.sra.ebi.ac.uk/vol1/fastq/ERR625/007/ERR6257997/ERR6257997_2.fastq.gz	27299888	ok
ERR6264281	https://ftp.sra.ebi.ac.uk/vol1/fastq/ERR626/001/ERR6264281/ERR6264281_1.fastq.gz	https://ftp.sra.ebi.ac.uk/vol1/fastq/ERR626/001/ERR6264281/ERR6264281_2.fastq.gz	100266054	ok
ERR6271719	https://ftp.sra.ebi.ac.uk/vol1/fastq/ERR627/009/ERR6271719/ERR6271719_1.fastq.gz	https://ftp.sra.ebi.ac.uk/vol1/fastq/ERR627/009/ERR6271719/ERR6271719_2.fastq.gz	41976068	ok
ERR6271721	https://ftp.sra.ebi.ac.uk/vol1/fastq/ERR627/001/ERR6271721/ERR6271721_1.fastq.gz	https://ftp.sra.ebi.ac.uk/vol1/fastq/ERR627/001/ERR6271721/ERR6271721_2.fastq.gz	80988492	ok
ERR6275661	https://ftp.sra.ebi.ac.uk/vol1/fastq/ERR627/001/ERR6275661/ERR6275661_1.fastq.gz	https://ftp.sra.ebi.ac.uk/vol1/fastq/ERR627/001/ERR6275661/ERR6275661_2.fastq.gz	158129912	ok
ERR6275663	https://ftp.sra.ebi.ac.uk/vol1/fastq/ERR627/003/ERR6275663/ERR6275663_1.fastq.gz	https://ftp.sra.ebi.ac.uk/vol1/fastq/ERR627/003/ERR6275663/ERR6275663_2.fastq.gz	63827948	ok
ERR6275665	https://ftp.sra.ebi.ac.uk/vol1/fastq/ERR627/005/ERR6275665/ERR6275665_1.fastq.gz	https://ftp.sra.ebi.ac.uk/vol1/fastq/ERR627/005/ERR6275665/ERR6275665_2.fastq.gz	44465958	ok
ERR6275667	https://ftp.sra.ebi.ac.uk/vol1/fastq/ERR627/007/ERR6275667/ERR6275667_1.fastq.gz	https://ftp.sra.ebi.ac.uk/vol1/fastq/ERR627/007/ERR6275667/ERR6275667_2.fastq.gz	36103878	ok
ERR6275672	https://ftp.sra.ebi.ac.uk/vol1/fastq/ERR627/002/ERR6275672/ERR6275672_1.fastq.gz	https://ftp.sra.ebi.ac.uk/vol1/fastq/ERR627/002/ERR6275672/ERR6275672_2.fastq.gz	31483490	ok
ERR6275676	https://ftp.sra.ebi.ac.uk/vol1/fastq/ERR627/006/ERR6275676/ERR6275676_1.fastq.gz	https://ftp.sra.ebi.ac.uk/vol1/fastq/ERR627/006/ERR6275676/ERR6275676_2.fastq.gz	30306216	ok
ERR6275677	https://ftp.sra.ebi.ac.uk/vol1/fastq/ERR627/007/ERR6275677/ERR6275677_1.fastq.gz	https://ftp.sra.ebi.ac.uk/vol1/fastq/ERR627/007/ERR6275677/ERR6275677_2.fastq.gz	67816626	ok
ERR6275679	https://ftp.sra.ebi.ac.uk/vol1/fastq/ERR627/009/ERR6275679/ERR6275679_1.fastq.gz	https://ftp.sra.ebi.ac.uk/vol1/fastq/ERR627/009/ERR6275679/ERR6275679_2.fastq.gz	30700510	ok
ERR6275681	https://ftp.sra.ebi.ac.uk/vol1/fastq/ERR627/001/ERR6275681/ERR6275681_1.fastq.gz	https://ftp.sra.ebi.ac.uk/vol1/fastq/ERR627/001/ERR6275681/ERR6275681_2.fastq.gz	8758768	ok
ERR6279614	https://ftp.sra.ebi.ac.uk/vol1/fastq/ERR627/004/ERR6279614/ERR6279614_1.fastq.gz	https://ftp.sra.ebi.ac.uk/vol1/fastq/ERR627/004/ERR6279614/ERR6279614_2.fastq.gz	30357534	ok
ERR6279624	https://ftp.sra.ebi.ac.uk/vol1/fastq/ERR627/004/ERR6279624/ERR6279624_1.fastq.gz	https://ftp.sra.ebi.ac.uk/vol1/fastq/ERR627/004/ERR6279624/ERR6279624_2.fastq.gz	81361152	ok
ERR6279625	https://ftp.sra.ebi.ac.uk/vol1/fastq/ERR627/005/ERR6279625/ERR6279625_1.fastq.gz	https://ftp.sra.ebi.ac.uk/vol1/fastq/ERR627/005/ERR6279625/ERR6279625_2.fastq.gz	47137530	ok
ERR6279627	https://ftp.sra.ebi.ac.uk/vol1/fastq/ERR627/007/ERR6279627/ERR6279627_1.fastq.gz	https://ftp.sra.ebi.ac.uk/vol1/fastq/ERR627/007/ERR6279627/ERR6279627_2.fastq.gz	25039082	ok
ERR6279628	https://ftp.sra.ebi.ac.uk/vol1/fastq/ERR627/008/ERR6279628/ERR6279628_1.fastq.gz	https://ftp.sra.ebi.ac.uk/vol1/fastq/ERR627/008/ERR6279628/ERR6279628_2.fastq.gz	62819044	ok
ERR6279653	https://ftp.sra.ebi.ac.uk/vol1/fastq/ERR627/003/ERR6279653/ERR6279653_1.fastq.gz	https://ftp.sra.ebi.ac.uk/vol1/fastq/ERR627/003/ERR6279653/ERR6279653_2.fastq.gz	42394444	ok
ERR6279654	https://ftp.sra.ebi.ac.uk/vol1/fastq/ERR627/004/ERR6279654/ERR6279654_1.fastq.gz	https://ftp.sra.ebi.ac.uk/vol1/fastq/ERR627/004/ERR6279654/ERR6279654_2.fastq.gz	62348554	ok
ERR6279667	https://ftp.sra.ebi.ac.uk/vol1/fastq/ERR627/007/ERR6279667/ERR6279667_1.fastq.gz	https://ftp.sra.ebi.ac.uk/vol1/fastq/ERR627/007/ERR6279667/ERR6279667_2.fastq.gz	63670352	ok
ERR6279668	https://ftp.sra.ebi.ac.uk/vol1/fastq/ERR627/008/ERR6279668/ERR6279668_1.fastq.gz	https://ftp.sra.ebi.ac.uk/vol1/fastq/ERR627/008/ERR6279668/ERR6279668_2.fastq.gz	16127264	ok
ERR6279676	https://ftp.sra.ebi.ac.uk/vol1/fastq/ERR627/006/ERR6279676/ERR6279676_1.fastq.gz	https://ftp.sra.ebi.ac.uk/vol1/fastq/ERR627/006/ERR6279676/ERR6279676_2.fastq.gz	78626534	ok
ERR6279680	https://ftp.sra.ebi.ac.uk/vol1/fastq/ERR627/000/ERR6279680/ERR6279680_1.fastq.gz	https://ftp.sra.ebi.ac.uk/vol1/fastq/ERR627/000/ERR6279680/ERR6279680_2.fastq.gz	33942396	ok
ERR6279681	https://ftp.sra.ebi.ac.uk/vol1/fastq/ERR627/001/ERR6279681/ERR6279681_1.fastq.gz	https://ftp.sra.ebi.ac.uk/vol1/fastq/ERR627/001/ERR6279681/ERR6279681_2.fastq.gz	117677586	ok
ERR6279682	https://ftp.sra.ebi.ac.uk/vol1/fastq/ERR627/002/ERR6279682/ERR6279682_1.fastq.gz	https://ftp.sra.ebi.ac.uk/vol1/fastq/ERR627/002/ERR6279682/ERR6279682_2.fastq.gz	32391684	ok
ERR6280899	https://ftp.sra.ebi.ac.uk/vol1/fastq/ERR628/009/ERR6280899/ERR6280899_1.fastq.gz	https://ftp.sra.ebi.ac.uk/vol1/fastq/ERR628/009/ERR6280899/ERR6280899_2.fastq.gz	152858590	ok
ERR6280948	https://ftp.sra.ebi.ac.uk/vol1/fastq/ERR628/008/ERR6280948/ERR6280948_1.fastq.gz	https://ftp.sra.ebi.ac.uk/vol1/fastq/ERR628/008/ERR6280948/ERR6280948_2.fastq.gz	17141208	ok
ERR6281340	https://ftp.sra.ebi.ac.uk/vol1/fastq/ERR628/000/ERR6281340/ERR6281340_1.fastq.gz	https://ftp.sra.ebi.ac.uk/vol1/fastq/ERR628/000/ERR6281340/ERR6281340_2.fastq.gz	60450090	ok
ERR6281342	https://ftp.sra.ebi.ac.uk/vol1/fastq/ERR628/002/ERR6281342/ERR6281342_1.fastq.gz	https://ftp.sra.ebi.ac.uk/vol1/fastq/ERR628/002/ERR6281342/ERR6281342_2.fastq.gz	41527900	ok
ERR6281344	https://ftp.sra.ebi.ac.uk/vol1/fastq/ERR628/004/ERR6281344/ERR6281344_1.fastq.gz	https://ftp.sra.ebi.ac.uk/vol1/fastq/ERR628/004/ERR6281344/ERR6281344_2.fastq.gz	57400004	ok
ERR6281431	https://ftp.sra.ebi.ac.uk/vol1/fastq/ERR628/001/ERR6281431/ERR6281431_1.fastq.gz	https://ftp.sra.ebi.ac.uk/vol1/fastq/ERR628/001/ERR6281431/ERR6281431_2.fastq.gz	31328138	ok
ERR6281433	https://ftp.sra.ebi.ac.uk/vol1/fastq/ERR628/003/ERR6281433/ERR6281433_1.fastq.gz	https://ftp.sra.ebi.ac.uk/vol1/fastq/ERR628/003/ERR6281433/ERR6281433_2.fastq.gz	33561178	ok
ERR6281434	https://ftp.sra.ebi.ac.uk/vol1/fastq/ERR628/004/ERR6281434/ERR6281434_1.fastq.gz	https://ftp.sra.ebi.ac.uk/vol1/fastq/ERR628/004/ERR6281434/ERR6281434_2.fastq.gz	153683004	ok
ERR6281448	https://ftp.sra.ebi.ac.uk/vol1/fastq/ERR628/008/ERR6281448/ERR6281448_1.fastq.gz	https://ftp.sra.ebi.ac.uk/vol1/fastq/ERR628/008/ERR6281448/ERR6281448_2.fastq.gz	74200752	ok
ERR6281500	https://ftp.sra.ebi.ac.uk/vol1/fastq/ERR628/000/ERR6281500/ERR6281500_1.fastq.gz	https://ftp.sra.ebi.ac.uk/vol1/fastq/ERR628/000/ERR6281500/ERR6281500_2.fastq.gz	83230036	ok
ERR6281505	https://ftp.sra.ebi.ac.uk/vol1/fastq/ERR628/005/ERR6281505/ERR6281505_1.fastq.gz	https://ftp.sra.ebi.ac.uk/vol1/fastq/ERR628/005/ERR6281505/ERR6281505_2.fastq.gz	25933944	ok
ERR6281677	https://ftp.sra.ebi.ac.uk/vol1/fastq/ERR628/007/ERR6281677/ERR6281677_1.fastq.gz	https://ftp.sra.ebi.ac.uk/vol1/fastq/ERR628/007/ERR6281677/ERR6281677_2.fastq.gz	18000756	ok
ERR6281939	https://ftp.sra.ebi.ac.uk/vol1/fastq/ERR628/009/ERR6281939/ERR6281939_1.fastq.gz	https://ftp.sra.ebi.ac.uk/vol1/fastq/ERR628/009/ERR6281939/ERR6281939_2.fastq.gz	17604646	ok
ERR6281942	https://ftp.sra.ebi.ac.uk/vol1/fastq/ERR628/002/ERR6281942/ERR6281942_1.fastq.gz	https://ftp.sra.ebi.ac.uk/vol1/fastq/ERR628/002/ERR6281942/ERR6281942_2.fastq.gz	118095268	ok
ERR6281944	https://ftp.sra.ebi.ac.uk/vol1/fastq/ERR628/004/ERR6281944/ERR6281944_1.fastq.gz	https://ftp.sra.ebi.ac.uk/vol1/fastq/ERR628/004/ERR6281944/ERR6281944_2.fastq.gz	39426364	ok
